[
{
    "model": "accounts.user",
    "pk": 1,
    "fields": {
        "password": "pbkdf2_sha256$600000$53Din6WiP7uJ21WQdgVjiA$kMALM9P7jf5TW7LEQft46qsE9UKHrMcTdWiHfu0TvNg=",
        "last_login": "2023-10-30T12:14:01.545Z",
        "is_superuser": true,
        "username": "admin",
        "first_name": "",
        "last_name": "",
        "email": "",
        "is_staff": true,
        "is_active": true,
        "date_joined": "2023-10-30T12:06:37.601Z",
        "nickname": null,
        "groups": [],
        "user_permissions": []
    }
},
{
    "model": "accounts.user",
    "pk": 2,
    "fields": {
        "password": "pbkdf2_sha256$600000$zwblPq2JvhAlegxjjv1CsX$qCmMIkjCUd1CNuml1Q6dFeEnadRC5yri/YIwLsNTQWM=",
        "last_login": "2023-10-30T12:19:29.212Z",
        "is_superuser": false,
        "username": "test2",
        "first_name": "",
        "last_name": "",
        "email": "wjstp14@gmail.com",
        "is_staff": false,
        "is_active": true,
        "date_joined": "2023-10-30T12:14:39.454Z",
        "nickname": "wjstp14",
        "groups": [],
        "user_permissions": []
    }
},
{
    "model": "accounts.user",
    "pk": 3,
    "fields": {
        "password": "pbkdf2_sha256$600000$Rr3hCgeFhohV0Ri3XsJWw8$h/hgVfwtKscG5aI11Y2JQilLOvl+TlLXk4be20Jo0L4=",
        "last_login": "2023-10-30T12:14:50.203Z",
        "is_superuser": false,
        "username": "test1",
        "first_name": "",
        "last_name": "",
        "email": "test1@gmail.com",
        "is_staff": false,
        "is_active": true,
        "date_joined": "2023-10-30T12:14:49.861Z",
        "nickname": "megar0829",
        "groups": [],
        "user_permissions": []
    }
},
{
    "model": "accounts.user",
    "pk": 4,
    "fields": {
        "password": "pbkdf2_sha256$600000$zsYbJEdNWhIE6861rHjGcW$S9o2sfC24/BG8w1zi8DZjcSzcwzh65wA5wjUo/nw0Oc=",
        "last_login": "2023-10-30T12:15:03.815Z",
        "is_superuser": false,
        "username": "test3",
        "first_name": "",
        "last_name": "",
        "email": "test3@gmail.com",
        "is_staff": false,
        "is_active": true,
        "date_joined": "2023-10-30T12:15:03.476Z",
        "nickname": "2yunj007",
        "groups": [],
        "user_permissions": []
    }
},
{
    "model": "posts.post",
    "pk": 1,
    "fields": {
        "user": 4,
        "category": 1,
        "title": "경력기술서 작성",
        "content": "프로젝트명을 쓰는데 제가 실무적으로는 참여했지만, 과제에 포함되어 있지 않은 경우에는 적으면 안되나요?? 과제명을 정확하게 적어야하나요? 기업 체계가 없으니 이직도 어려운게 맞네요..ㅠㅠ",
        "image": "",
        "created_at": "2023-10-30T12:18:14.590Z",
        "updated_at": "2023-10-30T12:18:14.590Z",
        "like_users": []
    }
},
{
    "model": "posts.post",
    "pk": 2,
    "fields": {
        "user": 4,
        "category": 1,
        "title": "삼성전자 AVP 사업부 패키지 개발 질문",
        "content": "안녕하세요 AVP 사업부 패키지 개발에 지원한 취준생입니다.\r\n\r\n면접 준비를 하고 있는데 반도체 패키지라는 것이 대충 무엇인지는 알겠는데, 정확히 패키지 개발에서 어떤 직무를 수행하는지 JD를 보더라도 잘 이해가 가지 않아서 질문 드립니다.\r\n\r\n1. 패키지 개발은 어떤 부서로 나뉘어 있으며, 어떤 일을 하는지가 궁금합니다.\r\n\r\n가령 JD에는 어드밴스 패키징의 단위 공정 기술 개발이라 소개되어 있는데 어떤류의 개발을 하는지, PR 소재개발에서는 어떤 특성에 집중하는지 대략적으로라도 알고 싶습니다.\r\n\r\n\r\n2. 1분 자기소개에서 PR 분석을 통한 미세 Substrate 개발과 현재 다니고 있는 직장에서 개발 중인 laser dicing에 대해 주로 어필하려고 하는데 두 가지 경험이 모두 avp 패키지 개발과 연관이 있는지 궁금합니다.\r\n\r\n++ 추갈로 물리학과로서 패키지 개발에서 조금 강점을 지닐 수 있는 포인트 같은게 있어 알려주시면 감사합니다.",
        "image": "",
        "created_at": "2023-10-30T12:18:55.148Z",
        "updated_at": "2023-10-30T12:18:55.148Z",
        "like_users": []
    }
},
{
    "model": "posts.post",
    "pk": 3,
    "fields": {
        "user": 4,
        "category": 2,
        "title": "회사가 뭔가 이상합니다",
        "content": "저는 회계팀으로 받았고 회계를 원했던\r\n동료는 다른 업무를 받았습니다.\r\n제가 일이 익숙해지는 3개월차에 동료가 지속적으로 팀장님과 면담해서 저와 일을 바꾸고 싶다고 하였고 회계에서 개발로 가고 싶어 하던 동료도 면담을 하야 두명이 직무를 바꾸게 되었습니다.\r\n\r\n가만히 있던 저는 통보식으로 업무가 비뀌고 인수인계도 제대로 못 받고 아예 모르는 일에 실무 투입이 되었습니다. 당연히 실수가 잦았고, 저와 일을 바꾼 동료도 평소 저를 싫어해서 인수인계를 대충 시큰둥 했습니다. 실수가 잦아 회사에서 울고 팀장, 차장님과 면담하고 “다 너 때문이다”라는 말을 너무 들었습니다. 실수가 잦고 -> 기죽고 -> 분위기 안 좋다. 이게 이유입니다.\r\n\r\n다른 회사 친구들에게 이야기 하니 뭔가 이상하다고 합니다.. 동료가 지속적으로 어필하면 그냥 일 바꾸고 저를 죄인 만드는 기분이에요.. 가만히 있으면 죄인가요.. 뭔가가 이상해요",
        "image": "",
        "created_at": "2023-10-30T12:19:26.352Z",
        "updated_at": "2023-10-30T12:19:26.352Z",
        "like_users": []
    }
},
{
    "model": "posts.post",
    "pk": 4,
    "fields": {
        "user": 2,
        "category": 4,
        "title": "사람인 api 를 써보려고하는데요",
        "content": "이전에 다른 api 사용했던 방법으로 했더니 아무것도 못받아오더라구요...\r\n\r\n\r\n\r\n\r\n가이드를 보면 요청헤더를 넣어주세요 라고 써있는데요\r\n\r\n\r\n\r\n\r\n어디에 어떻게 넣으라는건지....",
        "image": "",
        "created_at": "2023-10-30T12:19:50.088Z",
        "updated_at": "2023-10-30T12:19:50.088Z",
        "like_users": []
    }
},
{
    "model": "posts.post",
    "pk": 5,
    "fields": {
        "user": 4,
        "category": 2,
        "title": "채용형 인턴 최종과제 평가",
        "content": "최근 공대직무 대기업 최종과제 발표를 했습니다\r\n\r\n평가자는 그룹장님 포함 상위자 5분이셨습니다\r\n\r\n과제 퀄리티(40%)/조직생활,적응도 등(60%)\r\n각 항목으로 S(100)~D(60) 점\r\n최종 종합 점수도 S~D 로 평가합니다\r\n\r\n최종 평가를 바탕으로 최종 임원 면접을 곧 진행하여\r\n정규직 전환을 결정합니다.\r\n\r\n이 경우 최종 평가를\r\n무난하게 하자 없으면 b\r\n잘하면 a\r\n를 주고 혹시 S도 점수를 주기는 하는지 궁금합니다.\r\n\r\n나름 잘 발표했고 잘해서 질문이 없다는 말도 들어서\r\n조금 기대해보게 됩니다. 큰 의미 없을 수도 있지만\r\n첫 인턴이자 직장이라 궁금하여 질문 드립니다.\r\n감사합니다",
        "image": "",
        "created_at": "2023-10-30T12:19:52.371Z",
        "updated_at": "2023-10-30T12:19:52.371Z",
        "like_users": []
    }
},
{
    "model": "posts.post",
    "pk": 6,
    "fields": {
        "user": 4,
        "category": 3,
        "title": "첫 이직준비, 연구개발직 경력기술서 작성방법",
        "content": "안녕하세요,\r\n4년간 첫 회사를 근무하고 이직준비를 하고있습니다.\r\n자소서 작성시 경력기술서 부분이 너무 막막해서 질문드립니다.\r\n연구개발 직무라 프로젝트에 대해 보안상의 문제로 상세히 작성할수 없고,\r\n그렇다고해서 그동안 습득한 실험법에 대해서만 작성할수도 없는것 같습니다.\r\n어떤 방향, 어떤부분을 중점적으로 작성해야할까요??",
        "image": "",
        "created_at": "2023-10-30T12:20:11.422Z",
        "updated_at": "2023-10-30T12:20:11.422Z",
        "like_users": []
    }
},
{
    "model": "posts.post",
    "pk": 7,
    "fields": {
        "user": 4,
        "category": 3,
        "title": "세메스 공정 질문",
        "content": "안녕하세요 저는 현재 외국계 후공정 기업에서 공정 엔지니어로 2년차 근무중입니다\r\n세메스라는 기업에 공정직무 신입으로 지원해보려 하는데요. 메이저 장비사 공정 엔지니어는 주로 석사 채용 or 학벌을 많이 본다고 하던데 사실인가요?\r\n또한 장비사 공정 직무는 어떤 일을 하는지와 제가 갖고 잇는 경력이 냉정하게 어필이 될까요?(후공정과 전공정은 전혀 다른 분야인지라 궁금합니다)",
        "image": "",
        "created_at": "2023-10-30T12:20:31.514Z",
        "updated_at": "2023-10-30T12:20:31.514Z",
        "like_users": []
    }
},
{
    "model": "posts.post",
    "pk": 8,
    "fields": {
        "user": 2,
        "category": 4,
        "title": "아 백엔드랑 전산은 많이 다른가요?",
        "content": "인서울 4년제 나오고\r\n\r\n머신러닝 엔지니어 하려다가 상황이 바뀌어서 반년간 백엔드 부트캠프 듣고 백엔드 개발자가 되려고 공부했습니다.\r\n\r\nerp 개발이나 IT 인프라 관리하는 전산쪽 합격한 상황인데\r\n\r\n이쪽이 개발자의 무덤이라고 들어서..\r\n\r\nerp 개발하는 쪽이 백엔드 업무라고 생각했는데 제가 잘못 생각했던 것일까요?\r\n\r\n아니면 백엔드 업무가 맞긴 한데 업무가 단순하고 개발 난이도가 낮아서 그런가요?",
        "image": "",
        "created_at": "2023-10-30T12:20:35.187Z",
        "updated_at": "2023-10-30T12:20:35.187Z",
        "like_users": []
    }
},
{
    "model": "posts.post",
    "pk": 9,
    "fields": {
        "user": 2,
        "category": 2,
        "title": "형님들의 고견이 필요합니다 ㅠㅠ (연봉협상)",
        "content": "작년 10월24일 입사해서 올해 딱 1년되었네요.... 근데 회사가 매년 2월에 연봉협상을 하는데\r\n\r\n내년 2월에 연봉협상할때 해야하나요?\r\n\r\n아니면 1년됬으니깐 팀장님께 말씀드려서 지금 먼저 해야되는게 나을까요?",
        "image": "",
        "created_at": "2023-10-30T12:21:45.802Z",
        "updated_at": "2023-10-30T12:21:45.802Z",
        "like_users": []
    }
},
{
    "model": "posts.post",
    "pk": 10,
    "fields": {
        "user": 4,
        "category": 2,
        "title": "저희 부장님 대머리입니다",
        "content": "너무 반짝거려요",
        "image": "",
        "created_at": "2023-10-30T12:22:14.225Z",
        "updated_at": "2023-10-30T12:22:14.225Z",
        "like_users": []
    }
},
{
    "model": "posts.post",
    "pk": 11,
    "fields": {
        "user": 4,
        "category": 3,
        "title": "중고신입 이직 시 지원동기 , 이직이유",
        "content": "2022년 7월부터 매출액 5000억 정도의 반도체 장비사의 원가회계팀에서 1년 넘게 근무하고 있습니다.\r\n신분이 계약직이고 100% 전환 보장이 된다는 보장이 없어서 더 좋은 회사에 지원하려고 생각하고 있습니다.\r\n\r\n저는 중고신입으로 제조업 회사로 이직하고 싶으며 제 경력을 살리기 위해서는 제조업 원가회계 혹은 기획팀으로 지원하는 것이 연봉 등 조건을 올리기에는 가장 좋을 것이라고 생각합니다. 다만 걱정되는 것이 반도체 말고 2차전지 , 바이오 , 자동차 등 많은 산업이 있는데 저는 커리어 발전 가능이나 조건이 좋다면 이런 산업군의 회사도 가보고 싶습니다. 저는 원가를 다루는 제조업 내에서 산업군은 크게 상관이 없습니다.\r\n\r\n면접이나 자소서에서 산업을 옮기는 것에 대한 질문이 나오면 어떻게 대답해야 할까요? 해당 산업군의 발전 가능성이나 회사의 성장성 위주로 풀어가야 할지 , 혹은 재무쪽이 일반적인 직군이다 보니 해당 산업군도 경험해보고 싶었다 ... 이런식으로 접근해야 할지?",
        "image": "",
        "created_at": "2023-10-30T12:22:38.882Z",
        "updated_at": "2023-10-30T12:22:38.882Z",
        "like_users": []
    }
},
{
    "model": "posts.post",
    "pk": 12,
    "fields": {
        "user": 2,
        "category": 4,
        "title": "게시판 만들때 꼭 rest api로 만들어야 하는지",
        "content": "포폴용 게시판을 만들려고 합니다.\r\n\r\nrest api는 일단 응답을 json으로 받아야 되는걸로 아는데\r\n\r\n제가 따라해본 영상 들에선 다들 html로 응답을 했거든요.\r\n\r\n댓글 같은거만 json으로 받아서 js로 렌더링하구요.\r\n\r\n네이버 카페나 쿠팡 같은 사이트 들어가보면 게시글이나 페이지 누를 때마다 새로고침 하기도 하구요.\r\n\r\n유튜브 같은 사이트는 확실히 rest api로 만들어졌구나 하는걸 알겠는데 일반적인 게시판 사이트는 잘 모르겠어요.\r\n\r\n그래서 질문은 게시판 만들때 rest api로 만드는게 필요한 일이고 많이들 그렇게하는지\r\n\r\n또 포폴용 게시판을 만들려고 합니다.\r\n\r\nrest api는 일단 응답을 json으로 받아야 되는걸로 아는데\r\n\r\n제가 따라해본 영상 들에선 다들 html로 응답을 했거든요.\r\n\r\n댓글 같은거만 json으로 받아서 js로 렌더링하구요.\r\n\r\n네이버 카페나 쿠팡 같은 사이트 들어가보면 게시글이나 페이지 누를 때마다 새로고침 하기도 하구요.\r\n\r\n유튜브 같은 사이트는 확실히 rest api로 만들어졌구나 하는걸 알겠는데 일반적인 게시판 사이트는 잘 모르겠어요.\r\n\r\n그래서 질문은 게시판 만들때 rest api로 만드는게 필요한 일이고 많이들 그렇게하는지\r\n\r\n또 포폴용 게시판을 만들려고 합니다.\r\n\r\nrest api는 일단 응답을 json으로 받아야 되는걸로 아는데\r\n\r\n제가 따라해본 영상 들에선 다들 html로 응답을 했거든요.\r\n\r\n댓글 같은거만 json으로 받아서 js로 렌더링하구요.\r\n\r\n네이버 카페나 쿠팡 같은 사이트 들어가보면 게시글이나 페이지 누를 때마다 새로고침 하기도 하구요.\r\n\r\n유튜브 같은 사이트는 확실히 rest api로 만들어졌구나 하는걸 알겠는데 일반적인 게시판 사이트는 잘 모르겠어요.\r\n\r\n그래서 질문은 게시판 만들때 rest api로 만드는게 필요한 일이고 많이들 그렇게하는지\r\n\r\n또 왜 많이들 포폴용 프로젝트로 만들때 rest api로 만들라고 하는지 궁금합니다.",
        "image": "",
        "created_at": "2023-10-30T12:23:02.961Z",
        "updated_at": "2023-10-30T12:23:02.961Z",
        "like_users": []
    }
},
{
    "model": "posts.post",
    "pk": 13,
    "fields": {
        "user": 4,
        "category": 3,
        "title": "마케팅에서 MD로",
        "content": "마케팅 일하다가 MD로 직무를 변경하는 일이 흔한가요? 두 직무에 가장 차이점도 궁금합니다!",
        "image": "",
        "created_at": "2023-10-30T12:23:04.267Z",
        "updated_at": "2023-10-30T12:23:04.267Z",
        "like_users": []
    }
},
{
    "model": "posts.post",
    "pk": 14,
    "fields": {
        "user": 4,
        "category": 3,
        "title": "kt&g 이직 질문!",
        "content": "편의점 영업관리 직무로 7개월 근무하다가 보험사로 이직한지 약 1년됐습니다. 편의점 영관을 하면서 kt&g를 가고 싶었는데 공고가 뜨지 않았고 우여곡절끝에 이직했었습니다.\r\n하지만 하반기에 케이티엔지 공고가뜬걸보고 너무 가고싶은 생각이드는데 경력사항에 보험사 경력을 빼는게 좋을까요?\r\n\r\n더불어, 현직자분들께 취업 조언을 받고 싶습니다ㅠㅠ",
        "image": "",
        "created_at": "2023-10-30T12:23:23.673Z",
        "updated_at": "2023-10-30T12:23:23.673Z",
        "like_users": []
    }
},
{
    "model": "posts.post",
    "pk": 15,
    "fields": {
        "user": 4,
        "category": 3,
        "title": "입사한지 한달안된 신입입니다. 다른 회사 면접 기회가",
        "content": "안녕하세요\r\n\r\n저는 최근에 중소기업에 처음으로 취직을 했습니다.\r\n\r\n취직하기 전에 다른 중견기업에서 1차 면접을 마친 상태였습니다.\r\n\r\n그런데 최근에 2차 임원면접을 볼 기회를 얻었습니다.\r\n\r\n하지만 저는 아직 휴가를 못쓰는걸로 알고 있습니다.\r\n\r\n일단 면접 경험을 해보고 싶은데\r\n\r\n지금 다니는 회사에 정말 죄송하지만 그만둔다고 말씀드린 다음에 퇴사를 하고\r\n\r\n다른 회사 면접을 보러 가면 되는걸까요?\r\n\r\n그리고 퇴사한다고 말씀드리면 바로 처리가 되는건가요?\r\n\r\n사회생활이 처음이라 질문드립니다\r\n\r\n읽어주셔서 감사합니다.",
        "image": "",
        "created_at": "2023-10-30T12:23:50.684Z",
        "updated_at": "2023-10-30T12:23:50.684Z",
        "like_users": []
    }
},
{
    "model": "posts.post",
    "pk": 16,
    "fields": {
        "user": 4,
        "category": 1,
        "title": "기아자동차로 지원동기를 어떻게 하면 좋을까요?",
        "content": "안녕하세요\r\n이번 기아 보전직무로 1차 면접을 준비중입니다!\r\n현재 대기업을 다니고 있고 이직을 준비하고 있는데 이직사유를 어떻게 말씀드려야할지 고민입니다,,\r\n\r\n상반기 면접때 이직사유를 말씀드렸더니 그거말고 진짜 이유를 말하라고 하셔서\r\n당황했던 기억이 있는데 어떤 답변을 해야할까요?\r\n\r\n1. 같은 대기업이지만 다른 산업으로의 이직 시에 어떤 식으로 이직사유를 말씀드려야\r\n납득시킬 수 있을까요?\r\n\r\n2. 기아자동차의 경쟁사 대비 강점(경쟁력)이 무엇인지 궁금합니다.\r\n\r\n3. 기아 면접 시 팁 같은게 있을까요?\r\n\r\n이전부터 너무 가고싶은 회사라 불안해서 질문드립니다ㅜㅜ\r\n꼭 답변 부탁드립니다..!",
        "image": "",
        "created_at": "2023-10-30T12:24:22.771Z",
        "updated_at": "2023-10-30T12:24:22.771Z",
        "like_users": []
    }
},
{
    "model": "posts.post",
    "pk": 17,
    "fields": {
        "user": 4,
        "category": 1,
        "title": "최종면접 불합격 통보",
        "content": "불합격이라고 문자와 메일을 받았습니다.\r\n추가합격 가능성 있나요?\r\n사기업입니다",
        "image": "",
        "created_at": "2023-10-30T12:24:42.485Z",
        "updated_at": "2023-10-30T12:24:42.485Z",
        "like_users": []
    }
},
{
    "model": "posts.post",
    "pk": 18,
    "fields": {
        "user": 2,
        "category": 2,
        "title": "개발자의 자질이 부족한데 취업이 된거 같아요",
        "content": "제목 그대로 비전공 대졸에 국비 6개월 스펙이 다입니다. 이번에 중소기업에 취업이 됐는데 연봉은 2000중반이구요.. 면접 볼 때 특별히 코드상에 질문은 하지 않고 그냥 프로젝트 했던거 내용 중심으로 인성 면접을 했고 저는 나름 말을 잘했는지 취업이 됐습니다 하지만 막상 해보면 게시판도 잘 하지 못하는 상태인데 막막합니다\r\n\r\n제가 잘 하는 줄 알고 뽑으셨을텐데 저를 뽑으신걸 후회 하실거 같고 취업이 되어도 기쁘지가 않습니다. 이럴땐 어떤 마음가짐이 중요할까요..",
        "image": "",
        "created_at": "2023-10-30T12:24:50.424Z",
        "updated_at": "2023-10-30T12:24:50.424Z",
        "like_users": []
    }
},
{
    "model": "posts.post",
    "pk": 19,
    "fields": {
        "user": 4,
        "category": 1,
        "title": "4학년 2학기 대학생인데 아직 뭘 할지 모르겠습니다",
        "content": "지거국 산업공학과 재학중인데, 이제껏 학과 공부가 전부인줄 알고 정저지와 처럼 살았습니다.\r\n\r\n막상 졸업학기가 되니까 주변 동기들은 하나둘 지원하기 시작하는데 전 어떤 직무를 하고픈건지 갈피조차 못잡았습니다. 남들 다 해본다는 직무체험도 경험이 없습니다..\r\n\r\n대신에 나중에 발목안잡히려고 전공공부는 조금 많이 해서\r\n스펙은 전공 4.29/4.5에 어학은 토익975, 오픽 AL, 자격증은 품질경영기사에 6시그마 gb 갖고있습니다.\r\n\r\n이 정도 스펙으로 직무경험 없이 자기소개서를 써냈을때 서합이 가능할까요..? 대부분의 합격 자소서를 보면 직무경험에서 온 해결방식과 커뮤니케이션 내용들이 들어가있던데 저는 그런 경험이 거의 없습니다..",
        "image": "",
        "created_at": "2023-10-30T12:25:12.809Z",
        "updated_at": "2023-10-30T12:25:12.809Z",
        "like_users": []
    }
},
{
    "model": "posts.post",
    "pk": 20,
    "fields": {
        "user": 4,
        "category": 4,
        "title": "30년 모쏠입니다",
        "content": "평생 이렇게 혼자 살다 죽는 건 아닐까요 취업도 안 되고 참 막막하네요",
        "image": "",
        "created_at": "2023-10-30T12:25:45.582Z",
        "updated_at": "2023-10-30T12:25:45.582Z",
        "like_users": []
    }
},
{
    "model": "posts.post",
    "pk": 21,
    "fields": {
        "user": 4,
        "category": 4,
        "title": "싸피 면접 스터디원 모집합니다",
        "content": "현재 3명 있고 3자리 남았습니다\r\n일주일에 2번 대면으로 진행할 예정입니다\r\n쪽지 주세요",
        "image": "",
        "created_at": "2023-10-30T12:26:39.135Z",
        "updated_at": "2023-10-30T12:26:39.135Z",
        "like_users": []
    }
},
{
    "model": "posts.post",
    "pk": 22,
    "fields": {
        "user": 4,
        "category": 4,
        "title": "저메추",
        "content": "ㅊㅊ",
        "image": "",
        "created_at": "2023-10-30T12:26:53.101Z",
        "updated_at": "2023-10-30T12:26:53.101Z",
        "like_users": []
    }
},
{
    "model": "posts.post",
    "pk": 23,
    "fields": {
        "user": 2,
        "category": 3,
        "title": "신입 4개월 차 이직 제의가 들어왔는데 어떻게 해야할",
        "content": "안녕하세요\r\n\r\n저는 국비 풀스택 학원을 수료하고 이제 신입으로 취업한 지 4달 차 되는 신입사원입니다.\r\n\r\n현재 하고 있는 일은 특정 기업의 하청을 받고 해당 기업 안에서 만들어져 있는 시스템을 운영하는 일을 맡고 있습니다.\r\n\r\n운영으로 하는 일은 문의가 들어오면 해당 상황을 처리해주거나 하는 것인데 예를 들어\r\n\r\n*(결재 버튼을 눌렀는데 에러가 나요, 저장을 했는데 내용이 비어있어요) 등등의 내용입니다.\r\n\r\n소스를 분석하기 위해 시간을 투자하는게 도움이 되는 부분도 분명 있지만\r\n\r\n간단한 JS나 DB 수정만 하고 있다보니 현타도 옵니다.\r\n\r\n개발적인 부분은 솔직히 간단한데, 해당 업무를 파악하는 것이 가장 힘이 들고 현타가 옵니다.\r\n\r\n이직 제안이 온 곳은 친한 친구가 일하고 있는 회사인데, 멘딕스라는 로우코드 방식의 프로그램을 이용하여 개발을 진행한다고 합니다.\r\n\r\n모 대기업 안에서 하청으로 일을 수주받아 들어가게 될 예정이라는데요,\r\n\r\n지금 받고 있는 연봉은 3,000이며 이직 시 연봉은 3,500입니다.\r\n\r\n커리어적으로도 어떤게 옳은 일인지 모르겠고,\r\n\r\n사실 제가 마음이 여려서 그만둔다는 말도 잘 못할 듯 싶습니다. (사람들이 다 착해서..)\r\n\r\n이직을 하게 되면 타 지역으로 가게되어 방을 구해야 하긴 하지만\r\n\r\n누군가는 4달만에 1년차 연봉협상을 한 것과 마찬가지이니 가는게 낫다고도 하니 고민이 됩니다.\r\n\r\n무엇을 가장 중점적인 고민 요소로 생각해야 할 지도 혼란스럽기도 합니다.\r\n\r\n여러분이 저와 같은 상황의 신입이라면 어떻게 하시겠습니까?",
        "image": "",
        "created_at": "2023-10-30T12:28:23.365Z",
        "updated_at": "2023-10-30T12:28:23.365Z",
        "like_users": []
    }
},
{
    "model": "posts.post",
    "pk": 24,
    "fields": {
        "user": 2,
        "category": 4,
        "title": "건강이란~~~~~",
        "content": "나를 만들어 가는건\r\n바로 나다.\r\n\r\n항상 깨어 있으라.\r\n분별할수 있어야 합니다.\r\n\r\n일상에서\r\n생활습관인\r\n식생활습관,\r\n운동생활습관~~~\r\n\r\n요즘 무너진 건강 균형을\r\n\r\n찾아가면서\r\n\r\n드는 생각입니다 ㅋ",
        "image": "",
        "created_at": "2023-10-30T12:29:07.153Z",
        "updated_at": "2023-10-30T12:29:07.153Z",
        "like_users": []
    }
},
{
    "model": "posts.comment",
    "pk": 1,
    "fields": {
        "user": 4,
        "post": 1,
        "content": "안녕하세요 멘티님, 답변드리도록 하겠습니다.\r\n1. 일반적으로 경력직의 경우에는 이전직장에서 수행했던 업무위주로 쓰지만, 신입은 비워두거나 석사연구,인턴,계약직 경험등을 녹이기도 합니다.\r\n2. 연구목적과 성과도 중요하지만, 그 과정에서 사용한 테크닉적인 부분들도 중요합니다. 예를 들어 GC, HPLC 등의 분석기기를 사용했다거나 Cell assay나 단백질발현쪽으로 평가를 했다거나.... 이런게 본인의 능력으로 어필이 됩니다.\r\n3. 이력서에 인턴란이 있다고해도 좀 더 구체화하실 수 있다면 적는게 좋습니다. 인턴기간 동안 어떤직무를 수행했는지에 대하여 좀 더 디테일한 내용을 지원하는 직무와 연관성있게 풀어나가는 것이 좋습니다.",
        "created_at": "2023-10-30T12:27:49.960Z",
        "updated_at": "2023-10-30T12:27:49.960Z",
        "parent_comment": null,
        "like_users": []
    }
},
{
    "model": "posts.comment",
    "pk": 2,
    "fields": {
        "user": 4,
        "post": 2,
        "content": "1. 패키지 개발은 반도체 제조 공정의 중요한 단계 중 하나로, 전자 장치를 완성하기 위한 반도체 소자의 공기와 물리적 특성을 최적화하고 개발하는 과정입니다. 따라서 패키지 개발은 실질적으로 반도체 소재 개발, 디자인, 제작, 시험 및 생산 과정을 포함합니다.\r\n\r\n2. 네, 두 가지 경험이 모두 AVP 패키지 개발과 연관이 있습니다. PR 분석을 통한 미세 Substrate 개발은 반도체 소자를 내구성과 정확도를 유지하며 배치되기 위해 필요한 개발입니다. 또한, 현재 다니고 있는 직장에서 개발 중인 laser dicing은 일반적으로 반도체 소자의 패키징을 위해 사용됩니다.\r\n\r\n따라서, 두 가지 경험이 모두 AVP 패키지 개발과 연관이 있습니다. 특히, 자신의 물리학 경험을 활용하여 반도체 소자를 최적화하고 개발하기 위한 다양한 전략을 수립하는 데 도움이 될 것입니다. 또한, 미세 소자 분석 및 배치 방법과 laser dicing 기술에 대한 이해는 패키지 개발 과정에서 반드시 필요한 부분이므로 이러한 경험이 면접 준비에 많은 도움이 될 것입니다.",
        "created_at": "2023-10-30T12:28:19.040Z",
        "updated_at": "2023-10-30T12:28:19.040Z",
        "parent_comment": null,
        "like_users": []
    }
},
{
    "model": "posts.comment",
    "pk": 3,
    "fields": {
        "user": 4,
        "post": 3,
        "content": "동료가 이기적으로 행동을 하면서 멘티분이 피해를 보고 있으시기 때문에 이에 대해서는 확실히 의사를 표명하셔야 한다고 생각을 합니다. 만약 그렇게 해서 처리가 안된다면 회사내에 있는 고충처리부서 등에 연락을 취하셔서 바로 잡는 것이 필요하다 생각합니다.",
        "created_at": "2023-10-30T12:28:34.569Z",
        "updated_at": "2023-10-30T12:28:34.569Z",
        "parent_comment": null,
        "like_users": [
            2,
            4
        ]
    }
},
{
    "model": "posts.comment",
    "pk": 4,
    "fields": {
        "user": 4,
        "post": 3,
        "content": "안녕하세요 멘티님,\r\n\r\n동료가 인수인계 차원에서 주는 일만 하시면 되고 인수인계 안해주면 정식적으로 팀장님께 말씀드려서 인수인계가 구체적인지 않아서 일못한다하고 원래 보직으로 돌아가겠다고 이야기를 해보시는게 좋아보입니다.",
        "created_at": "2023-10-30T12:28:46.900Z",
        "updated_at": "2023-10-30T12:28:46.900Z",
        "parent_comment": null,
        "like_users": []
    }
},
{
    "model": "posts.comment",
    "pk": 5,
    "fields": {
        "user": 4,
        "post": 4,
        "content": "음... 모르면 검색을 하시죠? 핑프인가...",
        "created_at": "2023-10-30T12:29:22.081Z",
        "updated_at": "2023-10-30T12:29:22.081Z",
        "parent_comment": null,
        "like_users": []
    }
},
{
    "model": "posts.comment",
    "pk": 6,
    "fields": {
        "user": 4,
        "post": 5,
        "content": "안녕하세요 멘티님,\r\n\r\n잘했다고 하면 A라생각하시면 되겠습니다.\r\nS는 거의 안나오고 진짜 특이한 경우만 줄거 같습니다.",
        "created_at": "2023-10-30T12:29:59.663Z",
        "updated_at": "2023-10-30T12:29:59.663Z",
        "parent_comment": null,
        "like_users": []
    }
},
{
    "model": "posts.comment",
    "pk": 7,
    "fields": {
        "user": 2,
        "post": 20,
        "content": "ㅋㅋㅋㅋㅋㅋㅋㅋㅋㅋㅋㅋㅋㅋㅋㅋㅋㅋㅋㅋㅋㅋㅋㅋㅋㅋㅋㅋㅋㅋㅋㅋㅋㅋㅋㅋㅋㅋㅋㅋㅋㅋㅋㅋㅋㅋㅋㅋㅋㅋㅋㅋㅋㅋㅋㅋㅋㅋㅋㅋㅋㅋㅋㅋㅋㅋㅋㅋㅋㅋㅋㅋ",
        "created_at": "2023-10-30T12:30:47.760Z",
        "updated_at": "2023-10-30T12:30:47.760Z",
        "parent_comment": null,
        "like_users": [
            3,
            4
        ]
    }
},
{
    "model": "posts.comment",
    "pk": 8,
    "fields": {
        "user": 4,
        "post": 7,
        "content": "세메스쪽은 자동화라인에서 장비트러블 업무를 맡는 부분이 많습니다\r\n특히나 gce부분이라면 장비트러블 업무가 대부분인데요\r\n클린룸쪽 부분도 맡게될 가능성이 있습니다.\r\n여성분도 상당히 많아요!\r\n이야기를나눠본적은없지만 대부분 오랜기간 다니시는걸로 알고있습니다.\r\n공정쪽 배치는 본적없어 말씀을 못드리겠네요",
        "created_at": "2023-10-30T12:30:51.830Z",
        "updated_at": "2023-10-30T12:30:51.830Z",
        "parent_comment": null,
        "like_users": []
    }
},
{
    "model": "posts.comment",
    "pk": 9,
    "fields": {
        "user": 2,
        "post": 22,
        "content": "뜨끈한 순대국밥",
        "created_at": "2023-10-30T12:31:32.031Z",
        "updated_at": "2023-10-30T12:31:32.031Z",
        "parent_comment": null,
        "like_users": []
    }
},
{
    "model": "posts.comment",
    "pk": 10,
    "fields": {
        "user": 4,
        "post": 8,
        "content": "무덤 맞습니다 빨리 탈출하시죠",
        "created_at": "2023-10-30T12:31:41.636Z",
        "updated_at": "2023-10-30T12:31:41.637Z",
        "parent_comment": null,
        "like_users": []
    }
},
{
    "model": "posts.comment",
    "pk": 11,
    "fields": {
        "user": 2,
        "post": 24,
        "content": "모든 것이 끝나 버리고 지금 여행길에 나섰네\r\n\r\n아픈 상처를 감싸안고 이젠 더 이상 돌아오지 않을 거라네\r\n\r\n슬픔을 이겨낼 방법을 찾지 못한다 하더라도\r\n\r\n오오! 끝 없는 방황길\r\n\r\n오오! 나의 인생 나의 열정\r\n\r\n오오! 지친 내 모습\r\n\r\n오오! 그것은 인생~ 그것은 외로움~\r\n\r\n오오! 끝 없는 방황길\r\n\r\n오오! 나의 인생 나의 열정\r\n\r\n오오! 지친 내 모습\r\n\r\n오오! 그것은 인생~ 그것은 외로움~\r\n\r\n오오! 끝 없는 방황길\r\n\r\n오오! 나의 인생 나의 열정\r\n\r\n오오! 지친 내 모습\r\n\r\n오오! 그것은 인생~ 그것은 외로움~",
        "created_at": "2023-10-30T12:32:02.664Z",
        "updated_at": "2023-10-30T12:32:02.664Z",
        "parent_comment": null,
        "like_users": []
    }
},
{
    "model": "posts.comment",
    "pk": 12,
    "fields": {
        "user": 4,
        "post": 9,
        "content": "1년 됐으니까 말씀 드려 보세요... 그리고 됬 X 됐 O 입니다.",
        "created_at": "2023-10-30T12:32:14.802Z",
        "updated_at": "2023-10-30T12:32:14.802Z",
        "parent_comment": null,
        "like_users": []
    }
},
{
    "model": "posts.comment",
    "pk": 13,
    "fields": {
        "user": 2,
        "post": 24,
        "content": "시인이 되어버린\r\n\r\n개~발자의 모습이네요",
        "created_at": "2023-10-30T12:32:22.269Z",
        "updated_at": "2023-10-30T12:32:22.269Z",
        "parent_comment": null,
        "like_users": []
    }
},
{
    "model": "posts.comment",
    "pk": 14,
    "fields": {
        "user": 2,
        "post": 4,
        "content": "test3님 질문하는 게시판인데 서로 친절하게 답변 달아줍시다",
        "created_at": "2023-10-30T12:34:24.370Z",
        "updated_at": "2023-10-30T12:34:24.370Z",
        "parent_comment": null,
        "like_users": [
            2
        ]
    }
},
{
    "model": "posts.comment",
    "pk": 15,
    "fields": {
        "user": 4,
        "post": 12,
        "content": "바보",
        "created_at": "2023-10-30T12:36:27.646Z",
        "updated_at": "2023-10-30T12:36:27.646Z",
        "parent_comment": null,
        "like_users": []
    }
},
{
    "model": "posts.comment",
    "pk": 16,
    "fields": {
        "user": 2,
        "post": 18,
        "content": "빠르게 한 사람 몫하기(성장하기)\r\n\r\n잘하는 걸로 알고 뽑았다면 연봉을 2천 중반으로 주지 않았을 거에요.",
        "created_at": "2023-10-30T12:36:52.221Z",
        "updated_at": "2023-10-30T12:36:52.221Z",
        "parent_comment": null,
        "like_users": []
    }
},
{
    "model": "posts.comment",
    "pk": 17,
    "fields": {
        "user": 2,
        "post": 18,
        "content": "연봉 3천 중반이어도 잘할거라는 기대 없이 뽑습니다.\r\n\r\n2천 중반이면 걱정안하셔도 됩니다.\r\n\r\n그러니 마음껏 실수하며 성장하세요.",
        "created_at": "2023-10-30T12:37:32.602Z",
        "updated_at": "2023-10-30T12:37:32.602Z",
        "parent_comment": null,
        "like_users": []
    }
},
{
    "model": "posts.comment",
    "pk": 18,
    "fields": {
        "user": 2,
        "post": 21,
        "content": "저요 저요!",
        "created_at": "2023-10-30T12:38:10.019Z",
        "updated_at": "2023-10-30T12:38:10.019Z",
        "parent_comment": null,
        "like_users": []
    }
},
{
    "model": "posts.category",
    "pk": 1,
    "fields": {
        "name": "취업고민"
    }
},
{
    "model": "posts.category",
    "pk": 2,
    "fields": {
        "name": "직장인고민"
    }
},
{
    "model": "posts.category",
    "pk": 3,
    "fields": {
        "name": "이직고민"
    }
},
{
    "model": "posts.category",
    "pk": 4,
    "fields": {
        "name": "자유게시판"
    }
}
]
